Mapped Sender,Mapped Recipient,Count
Registered Nurse,Registered Nurse,3840108
Other,Registered Nurse,981399
Registered Nurse,Lab,824339
Lab,Registered Nurse,606299
Lab,Lab,383256
Registered Nurse,Resident,361822
Resident,Registered Nurse,339816
Physician,Registered Nurse,312460
Registered Nurse,Physician,298829
Resident,Resident,281952
Other,Lab,227126
Other,Registered Nurse,224539
Physician,Physician,222222
Registered Nurse,Other,196378
Advanced Practice Nurse,Registered Nurse,187881
Registered Nurse,Advanced Practice Nurse,179135
Tech,Tech,153036
Nursing Assistant,Registered Nurse,138950
Patient Care Tech,Patient Care Tech,124217
Pharmacy,Pharmacy,120006
Registered Nurse,Other,111649
Registered Nurse,Nursing Assistant,104590
Physician,Resident,98881
Physician Assistant,Registered Nurse,90986
Registered Nurse,Physician Assistant,89571
Other,Other,87867
Registered Nurse,Therapist,87583
Case Manager,Registered Nurse,87413
Resident,Physician,85504
Registered Nurse,Pharmacy,82929
Other,Lab,81379
Registered Nurse,Other,74179
Social Worker,Registered Nurse,72587
Physician,Resident,72069
Physician,Patient Care Tech,70258
Pharmacy,Registered Nurse,69936
Case Manager,Resident,69553
Pharmacy,Pharmacy,69105
Therapist,Therapist,68935
Advanced Practice Nurse,Physician,66851
Other,Other,65437
Other,Nursing Assistant,65247
Therapist,Registered Nurse,65168
Lab,Lab,64622
Pharmacy,Pharmacy,63719
Physician,Advanced Practice Nurse,63439
Case Manager,Case Manager,61911
Other,Other,60697
Social Worker,Resident,60280
Patient Care Tech,Other,59440
Pharmacy,Pharmacy,59414
Registered Nurse,Nursing Assistant,58924
Other,Therapist,55089
Nursing Assistant,Nursing Assistant,52877
Tech,Registered Nurse,52026
Other,Other,51802
Other,Registered Nurse,51684
Resident,Physician,51607
Other,Patient Care Tech,51130
Registered Nurse,Tech,50755
Registered Nurse,Social Worker,49993
Advanced Practice Nurse,Advanced Practice Nurse,49892
Other,Physician,47976
Other,Lab,47375
Case Manager,Physician,47130
Physician,Registered Nurse,46013
Registered Nurse,Physician,42796
Other,Other,42367
Physician,Other,42191
Physician,Case Manager,41727
Lab,Other,40990
Registered Nurse,Case Manager,39612
Physician,Physician Assistant,39540
Resident,Pharmacy,39432
Other,Other,39137
Patient Care Tech,Physician,38732
Registered Nurse,Pharmacy,38643
Social Worker,Social Worker,36506
Physician Assistant,Physician,36058
Resident,Other,36005
Other,Other,35806
Resident,Social Worker,35771
Other,Registered Nurse,35767
Registered Nurse,Patient Care Tech,35111
Patient Care Tech,Registered Nurse,34976
Case Manager,Social Worker,33733
Physician,Lab,33588
Social Worker,Physician,33433
Physician,Physician,32481
Physician,Physician,31525
Resident,Advanced Practice Nurse,31365
Registered Nurse,Other,31035
Pharmacy,Resident,30727
Social Worker,Case Manager,30034
Advanced Practice Nurse,Resident,29405
Physician,Pharmacy,28361
Physician,Physician,28280
Registered Nurse,Lab,28052
Resident,Case Manager,27653
Lab,Physician,27013
Anesthesia,Registered Nurse,26974
Other,Pharmacy,26869
Other,Lab,26784
Nursing Assistant,Registered Nurse,26662
Physician,Social Worker,26398
Advanced Practice Nurse,Patient Care Tech,26202
Physician,Other,25841
Resident,Pharmacy,24742
Advanced Practice Nurse,Pharmacy,24460
Other,Resident,23667
Other,Patient Care Tech,23288
Other,Other,23081
Lab,Other,23067
Resident,Other,22408
Physician Assistant,Resident,22098
Other,Other,21989
Physician,Lab,21810
Pharmacy,Physician,21574
Other,Registered Nurse,21401
Resident,Lab,21391
Physician,Tech,21248
Other,Other,21236
Tech,Physician,21205
Other,Advanced Practice Nurse,20932
Other,Other,20783
Lab,Other,20266
Registered Nurse,Anesthesia,20230
Other,Lab,20120
Resident,Physician Assistant,20028
Case Manager,Other,19035
Physician Assistant,Physician Assistant,19011
Resident,Lab,18997
Other,Nursing Assistant,18642
Lab,Registered Nurse,18446
Advanced Practice Nurse,Other,18259
Other,Case Manager,17994
Patient Care Tech,Advanced Practice Nurse,17932
Lab,Other,17854
Lab,Other,17757
Pharmacy,Advanced Practice Nurse,16233
Advanced Practice Nurse,Physician Assistant,16170
Therapist,Registered Nurse,15968
Social Worker,Other,15895
Registered Nurse,Other,15721
Patient Care Tech,Other,15564
Physician,Other,15524
Other,Registered Nurse,15449
Advanced Practice Nurse,Physician,15288
Physician,Advanced Practice Nurse,14989
Registered Nurse,Front Desk,14901
Physician Assistant,Advanced Practice Nurse,14487
Therapist,Therapist,14481
Other,Social Worker,14473
Advanced Practice Nurse,Social Worker,14283
Other,Resident,14052
Therapist,Therapist,13868
Other,Other,13790
Therapist,Therapist,13699
Registered Nurse,Other,13689
Social Worker,Advanced Practice Nurse,13650
Lab,Resident,13515
Registered Nurse,Other,13427
Registered Nurse,Therapist,13402
Registered Nurse,Other,13272
Pharmacy,Registered Nurse,13147
Physician,Other,12921
Lab,Nursing Assistant,12858
Other,Physician,12728
Advanced Practice Nurse,Other,12724
Other,Physician Assistant,12300
Other,Tech,12197
Lab,Nursing Assistant,11959
Case Manager,Other,11956
Social Worker,Pharmacy,11592
Other,Other,11527
Nursing Assistant,Therapist,11037
Advanced Practice Nurse,Lab,10987
Advanced Practice Nurse,Case Manager,10980
Physician Assistant,Pharmacy,10960
Case Manager,Advanced Practice Nurse,10752
Case Manager,Physician Assistant,10740
Therapist,Registered Nurse,10724
Lab,Therapist,10724
Other,Pharmacy,10614
Physician,Pharmacy,10561
Other,Other,10400
Other,Case Manager,10370
Patient Care Tech,Other,10295
Other,Other,10178
Other,Other,10172
Advanced Practice Nurse,Pharmacy,10036
Case Manager,Pharmacy,9816
Lab,Lab,9608
Advanced Practice Nurse,Other,9587
Lab,Resident,9504
Tech,Resident,9498
Therapist,Registered Nurse,9354
Other,Physician,9121
Physician Assistant,Case Manager,9103
Case Manager,Case Manager,9004
Physician,Lab,8945
Case Manager,Case Manager,8932
Other,Other,8892
Resident,Other,8834
Other,Registered Nurse,8831
Other,Resident,8772
Other,Registered Nurse,8710
Social Worker,Other,8609
Therapist,Therapist,8559
Other,Registered Nurse,8505
Social Worker,Pharmacy,8497
Other,Physician,8453
Physician,Other,8398
Other,Patient Care Tech,8345
Registered Nurse,Therapist,8098
Social Worker,Case Manager,8077
Case Manager,Pharmacy,8030
Physician,Other,7888
Other,Other,7886
Patient Care Tech,Lab,7838
Resident,Tech,7826
Registered Nurse,Case Manager,7782
Tech,Other,7737
Other,Other,7718
Lab,Advanced Practice Nurse,7628
Pharmacy,Physician Assistant,7618
Resident,Other,7610
Registered Nurse,Therapist,7548
Resident,Therapist,7445
Other,Other,7429
Other,Physician,7241
Case Manager,Registered Nurse,7156
Pharmacy,Pharmacy,7145
Advanced Practice Nurse,Other,7091
Social Worker,Physician Assistant,6917
Nursing Assistant,Registered Nurse,6858
Case Manager,Case Manager,6756
Other,Other,6621
Other,Other,6602
Physician,Physician Assistant,6566
Nursing Assistant,Lab,6448
Registered Nurse,Tech,6441
Anesthesia,Anesthesia,6426
Therapist,Lab,6420
Other,Other,6381
Nursing Assistant,Lab,6303
Therapist,Resident,6299
Resident,Other,6257
Lab,Physician,6236
Physician Assistant,Social Worker,6221
Other,Resident,6060
Other,Social Worker,6045
Other,Tech,5924
Other,Resident,5818
Case Manager,Pharmacy,5758
Physician Assistant,Physician,5711
Therapist,Nursing Assistant,5649
Physician Assistant,Lab,5615
Social Worker,Lab,5596
Therapist,Therapist,5593
Other,Physician,5554
Case Manager,Therapist,5531
Other,Advanced Practice Nurse,5523
Lab,Lab,5520
Tech,Registered Nurse,5515
Physician,Other,5499
Advanced Practice Nurse,Other,5491
Lab,Patient Care Tech,5456
Physician,Pharmacy,5448
Other,Physician,5400
Resident,Other,5341
Case Manager,Lab,5284
Physician Assistant,Pharmacy,5207
Pharmacy,Resident,5184
Physician,Other,5118
Physician,Other,5113
Advanced Practice Nurse,Lab,5106
Physician Assistant,Patient Care Tech,5090
Pharmacy,Pharmacy,5086
Resident,Patient Care Tech,5074
Other,Physician,5040
Other,Nursing Assistant,5034
Other,Other,4955
Other,Advanced Practice Nurse,4920
Anesthesia,Resident,4880
Other,Advanced Practice Nurse,4878
Case Manager,Pharmacy,4841
Other,Registered Nurse,4825
Other,Registered Nurse,4821
Lab,Social Worker,4731
Registered Nurse,Other,4676
Registered Nurse,Other,4638
Pharmacy,Resident,4602
Resident,Pharmacy,4588
Other,Resident,4570
Lab,Physician Assistant,4475
Registered Nurse,Nursing Assistant,4459
Tech,Other,4445
Nursing Assistant,Nursing Assistant,4406
Resident,Case Manager,4383
Other,Therapist,4315
Lab,Physician,4258
Therapist,Physician,4252
Physician,Lab,4163
Physician,Therapist,4162
Pharmacy,Physician,4159
Physician,Anesthesia,4097
Registered Nurse,Tech,4007
Tech,Tech,3986
Other,Advanced Practice Nurse,3910
Other,Other,3882
Anesthesia,Physician,3875
Physician,Other,3816
Resident,Anesthesia,3815
Patient Care Tech,Resident,3808
Lab,Pharmacy,3767
Tech,Other,3744
Registered Nurse,Advanced Practice Nurse,3741
Other,Other,3728
Physician Assistant,Other,3714
Pharmacy,Case Manager,3696
Other,Other,3693
Other,Lab,3674
Case Manager,Social Worker,3622
Other,Registered Nurse,3597
Registered Nurse,Registered Nurse,3586
Physician Assistant,Other,3583
Case Manager,Physician,3575
Advanced Practice Nurse,Other,3572
Other,Patient Care Tech,3567
Therapist,Case Manager,3564
Lab,Physician,3529
Pharmacy,Lab,3474
Therapist,Resident,3455
Other,Advanced Practice Nurse,3407
Social Worker,Physician,3379
Advanced Practice Nurse,Tech,3346
Other,Physician,3345
Other,Other,3322
Social Worker,Other,3312
Resident,Therapist,3292
Case Manager,Nursing Assistant,3287
Registered Nurse,Registered Nurse,3263
Physician,Tech,3231
Tech,Registered Nurse,3209
Therapist,Therapist,3192
Other,Other,3173
Therapist,Resident,3162
Resident,Other,3162
Tech,Advanced Practice Nurse,3159
Physician Assistant,Other,3149
Nursing Assistant,Other,3135
Physician,Other,3098
Lab,Case Manager,3057
Case Manager,Other,3031
Therapist,Advanced Practice Nurse,3013
Pharmacy,Physician,3013
Pharmacy,Social Worker,3012
Tech,Physician,2993
Case Manager,Therapist,2966
Other,Social Worker,2962
Case Manager,Therapist,2935
Physician,Social Worker,2923
Pharmacy,Other,2904
Physician,Therapist,2902
Other,Tech,2897
Advanced Practice Nurse,Registered Nurse,2871
Pharmacy,Registered Nurse,2848
Advanced Practice Nurse,Therapist,2829
Other,Pharmacy,2826
Social Worker,Therapist,2825
Anesthesia,Advanced Practice Nurse,2823
Case Manager,Other,2804
Nursing Assistant,Nursing Assistant,2794
Physician,Therapist,2757
Physician,Case Manager,2757
Social Worker,Other,2755
Pharmacy,Case Manager,2749
Registered Nurse,Other,2736
Therapist,Therapist,2734
Tech,Physician,2729
Pharmacy,Case Manager,2723
Resident,Therapist,2696
Registered Nurse,Pharmacy,2694
Physician,Tech,2670
Other,Other,2652
Social Worker,Other,2644
Physician,Pharmacy,2613
Physician Assistant,Therapist,2612
Therapist,Physician,2602
Other,Registered Nurse,2600
Pharmacy,Case Manager,2596
Other,Social Worker,2572
Physician,Other,2564
Registered Nurse,Registered Nurse,2555
Pharmacy,Nursing Assistant,2546
Nursing Assistant,Resident,2518
Advanced Practice Nurse,Registered Nurse,2494
Other,Physician,2489
Nursing Assistant,Pharmacy,2485
Patient Care Tech,Physician Assistant,2484
Therapist,Physician,2481
Resident,Therapist,2469
Other,Other,2463
Nursing Assistant,Case Manager,2440
Social Worker,Other,2438
Social Worker,Therapist,2427
Other,Social Worker,2423
Physician Assistant,Other,2404
Other,Resident,2401
Anesthesia,Advanced Practice Nurse,2391
Other,Lab,2378
Other,Resident,2351
Case Manager,Other,2348
Anesthesia,Anesthesia,2338
Other,Physician Assistant,2318
Therapist,Physician,2316
Patient Care Tech,Other,2311
Physician,Therapist,2307
Other,Physician Assistant,2301
Advanced Practice Nurse,Anesthesia,2282
Other,Case Manager,2273
Physician,Lab,2273
Registered Nurse,Registered Nurse,2268
Physician,Pharmacy,2238
Physician Assistant,Lab,2225
Nursing Assistant,Advanced Practice Nurse,2225
Physician,Physician,2219
Physician,Other,2219
Lab,Advanced Practice Nurse,2215
Pharmacy,Other,2204
Therapist,Physician Assistant,2192
Other,Other,2182
Registered Nurse,Other,2175
Tech,Physician Assistant,2167
Nursing Assistant,Other,2156
Pharmacy,Advanced Practice Nurse,2155
Pharmacy,Physician,2153
Other,Physician,2147
Advanced Practice Nurse,Anesthesia,2142
Lab,Other,2133
Pharmacy,Advanced Practice Nurse,2124
Pharmacy,Social Worker,2104
Registered Nurse,Advanced Practice Nurse,2084
Other,Other,2057
Advanced Practice Nurse,Case Manager,2049
Other,Physician Assistant,2047
Advanced Practice Nurse,Pharmacy,2044
Physician,Therapist,2013
Pharmacy,Other,2008
Resident,Other,2007
Pharmacy,Other,1994
Physician Assistant,Tech,1993
Other,Nursing Assistant,1970
Therapist,Resident,1960
Pharmacy,Therapist,1937
Social Worker,Nursing Assistant,1936
Advanced Practice Nurse,Resident,1925
Other,Physician,1917
Anesthesia,Physician,1916
Other,Other,1910
Therapist,Therapist,1880
Lab,Other,1879
Physician,Anesthesia,1877
Other,Case Manager,1877
Other,Other,1870
Physician,Other,1850
Registered Nurse,Registered Nurse,1850
Physician Assistant,Other,1836
Other,Social Worker,1809
Therapist,Case Manager,1800
Physician,Case Manager,1783
Nursing Assistant,Social Worker,1771
Registered Nurse,Tech,1762
Physician Assistant,Other,1760
Advanced Practice Nurse,Therapist,1750
Physician Assistant,Other,1741
Registered Nurse,Other,1732
Physician Assistant,Tech,1725
Therapist,Therapist,1724
Other,Other,1720
Therapist,Other,1695
Advanced Practice Nurse,Other,1684
Lab,Physician Assistant,1673
Other,Physician,1669
Other,Other,1646
Registered Nurse,Other,1640
Therapist,Advanced Practice Nurse,1623
Therapist,Case Manager,1619
Case Manager,Other,1605
Nursing Assistant,Physician,1605
Patient Care Tech,Physician,1600
Therapist,Social Worker,1592
Other,Case Manager,1588
Anesthesia,Front Desk,1578
Nursing Assistant,Nursing Assistant,1571
Social Worker,Therapist,1565
Other,Other,1551
Physician,Front Desk,1548
Case Manager,Other,1533
Front Desk,Registered Nurse,1531
Therapist,Physician,1518
Therapist,Physician,1516
Other,Pharmacy,1516
Therapist,Advanced Practice Nurse,1505
Advanced Practice Nurse,Other,1504
Advanced Practice Nurse,Tech,1492
Other,Anesthesia,1482
Other,Other,1480
Other,Other,1470
Pharmacy,Other,1469
Registered Nurse,Other,1466
Case Manager,Other,1463
Nursing Assistant,Nursing Assistant,1458
Therapist,Other,1452
Case Manager,Lab,1441
Resident,Nursing Assistant,1436
Nursing Assistant,Other,1434
Other,Therapist,1425
Physician Assistant,Therapist,1417
Physician,Therapist,1408
Physician,Other,1402
Other,Case Manager,1400
Tech,Tech,1397
Therapist,Physician Assistant,1396
Therapist,Other,1387
Pharmacy,Physician Assistant,1385
Case Manager,Advanced Practice Nurse,1383
Other,Patient Care Tech,1380
Therapist,Pharmacy,1366
Other,Physician Assistant,1358
Registered Nurse,Other,1352
Resident,Front Desk,1336
Nursing Assistant,Resident,1322
Anesthesia,Lab,1288
Advanced Practice Nurse,Therapist,1288
Other,Lab,1288
Resident,Advanced Practice Nurse,1288
Social Worker,Other,1286
Pharmacy,Pharmacy,1286
Pharmacy,Anesthesia,1276
Other,Physician Assistant,1271
Physician Assistant,Therapist,1269
Other,Registered Nurse,1269
Therapist,Social Worker,1249
Therapist,Other,1237
Pharmacy,Physician,1221
Other,Other,1219
Physician Assistant,Other,1205
Case Manager,Resident,1201
Nursing Assistant,Other,1198
Nursing Assistant,Physician Assistant,1183
Case Manager,Other,1178
Other,Advanced Practice Nurse,1172
Resident,Therapist,1170
Case Manager,Patient Care Tech,1164
Lab,Other,1154
Nursing Assistant,Other,1147
Social Worker,Other,1143
Social Worker,Patient Care Tech,1141
Lab,Physician,1135
Other,Pharmacy,1119
Nursing Assistant,Therapist,1103
Therapist,Nursing Assistant,1100
Other,Nursing Assistant,1100
Therapist,Other,1097
Therapist,Social Worker,1090
Therapist,Other,1090
Other,Registered Nurse,1090
Advanced Practice Nurse,Therapist,1088
Case Manager,Physician,1081
Physician,Advanced Practice Nurse,1065
Advanced Practice Nurse,Front Desk,1061
Registered Nurse,Other,1060
Tech,Advanced Practice Nurse,1047
Other,Nursing Assistant,1046
Other,Therapist,1042
Tech,Physician Assistant,1040
Lab,Other,1037
Other,Registered Nurse,1031
Other,Case Manager,1030
Other,Pharmacy,1029
Other,Physician Assistant,1024
Patient Care Tech,Tech,1014
Other,Other,1013
Registered Nurse,Anesthesia,1010
Physician,Physician,1008
Other,Front Desk,1007
Other,Tech,1003
Other,Physician,996
Other,Other,995
Other,Pharmacy,988
Therapist,Advanced Practice Nurse,987
Pharmacy,Other,976
Other,Therapist,976
Physician,Pharmacy,966
Physician Assistant,Pharmacy,963
Tech,Other,955
Therapist,Therapist,951
Physician,Patient Care Tech,950
Other,Social Worker,949
Physician,Other,949
Other,Other,946
Other,Social Worker,945
Nursing Assistant,Other,942
Other,Lab,941
Therapist,Physician Assistant,937
Resident,Other,928
Social Worker,Other,921
Pharmacy,Other,921
Nursing Assistant,Physician,917
Other,Therapist,915
Registered Nurse,Case Manager,913
Other,Pharmacy,913
Lab,Other,911
Case Manager,Other,911
Patient Care Tech,Pharmacy,907
Therapist,Therapist,906
Other,Physician,905
Patient Care Tech,Case Manager,897
Physician,Other,883
Physician Assistant,Case Manager,881
Tech,Lab,867
Physician,Registered Nurse,864
Pharmacy,Physician Assistant,858
Therapist,Registered Nurse,856
Pharmacy,Patient Care Tech,855
Other,Resident,850
Other,Case Manager,848
Advanced Practice Nurse,Physician,846
Therapist,Physician Assistant,843
Therapist,Registered Nurse,841
Physician Assistant,Other,836
Other,Physician,832
Tech,Other,827
Registered Nurse,Physician,826
Other,Physician,821
Advanced Practice Nurse,Advanced Practice Nurse,819
Other,Physician,818
Physician,Other,816
Other,Nursing Assistant,803
Anesthesia,Registered Nurse,795
Physician Assistant,Therapist,793
Anesthesia,Physician Assistant,792
Therapist,Therapist,792
Other,Tech,791
Therapist,Other,789
Resident,Tech,786
Other,Case Manager,785
Tech,Resident,776
Other,Case Manager,775
Therapist,Therapist,773
Other,Case Manager,768
Other,Other,768
Patient Care Tech,Advanced Practice Nurse,766
Resident,Registered Nurse,762
Registered Nurse,Anesthesia,758
Therapist,Therapist,756
Advanced Practice Nurse,Registered Nurse,749
Other,Other,749
Physician,Other,741
Other,Other,740
Other,Social Worker,736
Registered Nurse,Therapist,734
Therapist,Therapist,733
Other,Advanced Practice Nurse,731
Therapist,Registered Nurse,727
Therapist,Resident,727
Other,Other,721
Registered Nurse,Resident,718
Other,Nursing Assistant,717
Pharmacy,Other,716
Physician Assistant,Registered Nurse,709
Other,Physician,709
Other,Other,706
Lab,Registered Nurse,702
Other,Lab,702
Lab,Tech,696
Other,Pharmacy,694
Other,Lab,690
Other,Other,690
Therapist,Therapist,685
Case Manager,Nursing Assistant,685
Other,Lab,676
Patient Care Tech,Other,671
Other,Therapist,670
Physician,Registered Nurse,668
Other,Therapist,663
Other,Other,663
Physician,Other,657
Pharmacy,Other,654
Therapist,Therapist,651
Other,Registered Nurse,651
Physician,Other,643
Other,Other,639
Physician Assistant,Other,636
Registered Nurse,Advanced Practice Nurse,636
Social Worker,Therapist,634
Registered Nurse,Physician Assistant,632
Therapist,Other,631
Other,Lab,629
Tech,Registered Nurse,626
Therapist,Tech,625
Advanced Practice Nurse,Case Manager,614
Social Worker,Therapist,614
Other,Physician Assistant,611
Other,Therapist,611
Case Manager,Registered Nurse,611
Therapist,Physician,597
Patient Care Tech,Other,597
Case Manager,Other,594
Pharmacy,Pharmacy,593
Other,Nursing Assistant,592
Lab,Other,589
Physician Assistant,Anesthesia,587
Other,Nursing Assistant,585
Social Worker,Other,579
Case Manager,Therapist,577
Tech,Therapist,576
Other,Physician,576
Advanced Practice Nurse,Nursing Assistant,573
Other,Nursing Assistant,568
Pharmacy,Pharmacy,568
Case Manager,Physician Assistant,568
Case Manager,Other,567
Nursing Assistant,Other,566
Pharmacy,Nursing Assistant,564
Therapist,Other,563
Advanced Practice Nurse,Other,561
Tech,Patient Care Tech,561
Pharmacy,Pharmacy,561
Advanced Practice Nurse,Other,548
Other,Pharmacy,548
Advanced Practice Nurse,Other,547
Case Manager,Physician,544
Therapist,Therapist,542
Other,Other,542
Therapist,Lab,539
Patient Care Tech,Tech,539
Physician,Physician,537
Tech,Tech,537
Registered Nurse,Therapist,536
Case Manager,Other,536
Other,Other,533
Tech,Tech,532
Physician,Therapist,531
Other,Anesthesia,530
Case Manager,Advanced Practice Nurse,530
Social Worker,Therapist,527
Other,Therapist,524
Registered Nurse,Therapist,523
Other,Pharmacy,521
Physician,Lab,520
Patient Care Tech,Social Worker,517
Other,Therapist,516
Therapist,Registered Nurse,514
Therapist,Registered Nurse,513
Physician Assistant,Nursing Assistant,510
Other,Pharmacy,503
Registered Nurse,Therapist,499
Therapist,Therapist,494
Pharmacy,Other,489
Lab,Anesthesia,488
Tech,Registered Nurse,486
Other,Physician,486
Physician,Nursing Assistant,484
Nursing Assistant,Physician Assistant,484
Tech,Patient Care Tech,483
Physician,Case Manager,482
Other,Pharmacy,480
Anesthesia,Pharmacy,475
Physician,Nursing Assistant,474
Therapist,Other,474
Tech,Lab,474
Other,Advanced Practice Nurse,474
Anesthesia,Other,473
Social Worker,Nursing Assistant,471
Therapist,Resident,467
Other,Therapist,465
Therapist,Therapist,464
Nursing Assistant,Lab,458
Patient Care Tech,Lab,454
Other,Therapist,454
Advanced Practice Nurse,Nursing Assistant,452
Resident,Therapist,447
Lab,Tech,447
Other,Lab,447
Therapist,Therapist,446
Registered Nurse,Lab,441
Other,Nursing Assistant,440
Physician,Front Desk,437
Pharmacy,Anesthesia,436
Nursing Assistant,Nursing Assistant,434
Physician,Registered Nurse,431
Anesthesia,Other,430
Anesthesia,Lab,429
Anesthesia,Other,429
Lab,Other,428
Advanced Practice Nurse,Nursing Assistant,427
Therapist,Therapist,425
Therapist,Social Worker,425
Physician,Physician,425
Nursing Assistant,Other,424
Registered Nurse,Tech,423
Other,Tech,423
Registered Nurse,Physician,421
Lab,Case Manager,418
Tech,Lab,418
Other,Pharmacy,416
Other,Other,412
Tech,Other,410
Tech,Tech,407
Advanced Practice Nurse,Other,406
Therapist,Other,404
Front Desk,Front Desk,403
Patient Care Tech,Nursing Assistant,402
Other,Other,399
Other,Case Manager,399
Therapist,Social Worker,398
Resident,Therapist,397
Therapist,Therapist,395
Case Manager,Registered Nurse,393
Lab,Pharmacy,393
Advanced Practice Nurse,Patient Care Tech,391
Therapist,Therapist,391
Patient Care Tech,Nursing Assistant,391
Other,Other,389
Other,Other,388
Case Manager,Other,388
Pharmacy,Other,387
Lab,Front Desk,385
Advanced Practice Nurse,Other,384
Lab,Other,384
Pharmacy,Other,383
Other,Other,381
Other,Patient Care Tech,379
Registered Nurse,Other,375
Other,Other,375
Other,Advanced Practice Nurse,374
Other,Physician,372
Patient Care Tech,Therapist,370
Lab,Patient Care Tech,370
Other,Other,370
Other,Therapist,370
Other,Case Manager,368
Nursing Assistant,Advanced Practice Nurse,366
Other,Advanced Practice Nurse,366
Other,Front Desk,366
Other,Other,366
Therapist,Other,361
Case Manager,Patient Care Tech,358
Physician,Nursing Assistant,358
Other,Anesthesia,358
Pharmacy,Advanced Practice Nurse,356
Tech,Physician,356
Therapist,Lab,355
Resident,Other,355
Other,Advanced Practice Nurse,354
Physician,Case Manager,351
Other,Therapist,351
Physician,Other,350
Other,Therapist,350
Pharmacy,Other,349
Physician,Other,349
Other,Other,346
Registered Nurse,Therapist,345
Tech,Tech,345
Other,Therapist,345
Social Worker,Other,344
Other,Other,344
Other,Physician Assistant,343
Other,Other,342
Other,Pharmacy,342
Physician,Physician,337
Other,Other,337
Other,Tech,337
Case Manager,Therapist,336
Tech,Other,336
Other,Social Worker,335
Other,Other,334
Other,Social Worker,332
Case Manager,Other,330
Social Worker,Other,328
Other,Tech,328
Other,Registered Nurse,327
Therapist,Therapist,326
Therapist,Therapist,325
Registered Nurse,Tech,324
Other,Advanced Practice Nurse,324
Therapist,Lab,322
Lab,Other,321
Other,Pharmacy,321
Pharmacy,Pharmacy,321
Physician,Tech,319
Lab,Advanced Practice Nurse,319
Other,Other,318
Therapist,Therapist,316
Other,Therapist,316
Therapist,Other,314
Other,Case Manager,314
Nursing Assistant,Nursing Assistant,313
Advanced Practice Nurse,Other,312
Physician,Physician,312
Pharmacy,Other,311
Advanced Practice Nurse,Advanced Practice Nurse,310
Other,Other,307
Therapist,Advanced Practice Nurse,306
Lab,Tech,306
Tech,Other,306
Other,Therapist,306
Other,Other,304
Other,Other,304
Case Manager,Pharmacy,303
Therapist,Patient Care Tech,301
Therapist,Case Manager,301
Advanced Practice Nurse,Other,300
Pharmacy,Nursing Assistant,300
Nursing Assistant,Pharmacy,300
Tech,Registered Nurse,300
Advanced Practice Nurse,Lab,299
Other,Therapist,297
Pharmacy,Pharmacy,296
Other,Anesthesia,296
Other,Resident,295
Physician Assistant,Other,294
Therapist,Other,294
Physician,Other,294
Other,Other,294
Other,Physician,294
Case Manager,Other,293
Advanced Practice Nurse,Physician Assistant,292
Nursing Assistant,Case Manager,292
Therapist,Therapist,292
Physician Assistant,Tech,292
Tech,Physician,291
Other,Physician,288
Other,Nursing Assistant,287
Case Manager,Other,287
Patient Care Tech,Anesthesia,286
Other,Other,284
Tech,Other,284
Other,Other,283
Anesthesia,Tech,281
Anesthesia,Other,281
Physician Assistant,Registered Nurse,281
Other,Therapist,280
Lab,Pharmacy,279
Therapist,Physician,277
Physician,Therapist,276
Other,Pharmacy,276
Resident,Other,275
Social Worker,Therapist,274
Lab,Other,274
Other,Case Manager,274
Nursing Assistant,Physician,271
Therapist,Other,270
Other,Case Manager,270
Other,Other,268
Nursing Assistant,Social Worker,268
Other,Physician,268
Physician,Tech,267
Therapist,Physician,267
Other,Other,267
Nursing Assistant,Other,266
Physician Assistant,Resident,265
Other,Nursing Assistant,264
Other,Tech,264
Other,Other,263
Nursing Assistant,Physician,263
Patient Care Tech,Pharmacy,261
Other,Nursing Assistant,260
Anesthesia,Therapist,259
Pharmacy,Patient Care Tech,259
Therapist,Therapist,258
Patient Care Tech,Case Manager,256
Therapist,Resident,256
Therapist,Other,254
Therapist,Advanced Practice Nurse,253
Pharmacy,Pharmacy,253
Other,Resident,252
Lab,Tech,250
Other,Case Manager,250
Therapist,Other,249
Registered Nurse,Tech,247
Social Worker,Therapist,247
Lab,Therapist,247
Physician,Other,246
Registered Nurse,Physician,246
Registered Nurse,Other,246
Case Manager,Case Manager,245
Nursing Assistant,Other,245
Therapist,Other,244
Front Desk,Advanced Practice Nurse,243
Advanced Practice Nurse,Therapist,242
Physician,Other,242
Therapist,Anesthesia,240
Physician,Other,240
Tech,Tech,240
Physician,Tech,239
Pharmacy,Physician,238
Therapist,Therapist,237
Case Manager,Other,236
Registered Nurse,Physician Assistant,235
Patient Care Tech,Other,235
Nursing Assistant,Other,234
Other,Case Manager,234
Pharmacy,Social Worker,234
Registered Nurse,Physician Assistant,233
Therapist,Therapist,233
Tech,Pharmacy,232
Advanced Practice Nurse,Therapist,231
Lab,Tech,231
Physician,Other,230
Other,Therapist,230
Lab,Therapist,230
Tech,Lab,229
Tech,Physician,229
Tech,Lab,228
Nursing Assistant,Advanced Practice Nurse,227
Other,Therapist,227
Case Manager,Case Manager,226
Physician Assistant,Physician,225
Therapist,Therapist,223
Nursing Assistant,Case Manager,223
Other,Other,223
Registered Nurse,Therapist,222
Lab,Therapist,222
Tech,Other,222
Other,Patient Care Tech,222
Other,Other,222
Physician Assistant,Other,221
Social Worker,Case Manager,221
Other,Registered Nurse,221
Other,Advanced Practice Nurse,221
Other,Tech,220
Nursing Assistant,Pharmacy,220
Pharmacy,Other,219
Patient Care Tech,Other,219
Pharmacy,Case Manager,219
Other,Physician,219
Physician Assistant,Advanced Practice Nurse,218
Case Manager,Other,218
Patient Care Tech,Physician,218
Lab,Other,218
Other,Tech,218
Social Worker,Therapist,217
Other,Lab,217
Physician,Physician,216
Therapist,Therapist,216
Physician,Physician,216
Advanced Practice Nurse,Resident,215
Anesthesia,Other,215
Therapist,Other,215
Case Manager,Tech,215
Resident,Physician,215
Case Manager,Other,213
Pharmacy,Other,213
Social Worker,Pharmacy,213
Physician,Advanced Practice Nurse,212
Therapist,Patient Care Tech,211
Other,Social Worker,211
Other,Case Manager,211
Other,Registered Nurse,211
Pharmacy,Other,210
Other,Advanced Practice Nurse,210
Therapist,Other,210
Patient Care Tech,Registered Nurse,209
Other,Advanced Practice Nurse,209
Case Manager,Other,208
Case Manager,Patient Care Tech,207
Case Manager,Other,206
Pharmacy,Lab,206
Therapist,Social Worker,204
Front Desk,Physician,202
Nursing Assistant,Other,202
Lab,Other,201
Other,Registered Nurse,201
Advanced Practice Nurse,Advanced Practice Nurse,200
Other,Physician,200
Lab,Other,200
Other,Pharmacy,200
Other,Therapist,199
Other,Case Manager,199
Anesthesia,Patient Care Tech,198
Other,Physician,198
Therapist,Case Manager,197
Resident,Advanced Practice Nurse,197
Other,Pharmacy,197
Other,Other,197
Other,Other,196
Therapist,Therapist,195
Registered Nurse,Other,195
Resident,Physician Assistant,194
Tech,Anesthesia,194
Therapist,Registered Nurse,193
Therapist,Therapist,193
Case Manager,Other,193
Other,Physician,192
Registered Nurse,Therapist,191
Lab,Nursing Assistant,191
Therapist,Other,190
Other,Physician Assistant,190
Advanced Practice Nurse,Other,189
Pharmacy,Other,189
Other,Anesthesia,189
Other,Social Worker,188
Anesthesia,Advanced Practice Nurse,188
Other,Other,188
Tech,Case Manager,187
Therapist,Other,186
Therapist,Therapist,186
Tech,Other,186
Advanced Practice Nurse,Physician,184
Case Manager,Physician,184
Registered Nurse,Other,183
Therapist,Therapist,183
Physician,Other,183
Other,Advanced Practice Nurse,183
Other,Physician,183
Resident,Nursing Assistant,182
Tech,Nursing Assistant,182
Pharmacy,Other,181
Front Desk,Other,179
Other,Social Worker,179
Other,Other,178
Other,Tech,178
Physician Assistant,Nursing Assistant,177
Physician,Therapist,176
Advanced Practice Nurse,Other,176
Therapist,Other,176
Resident,Registered Nurse,175
Case Manager,Social Worker,175
Registered Nurse,Physician,174
Social Worker,Registered Nurse,174
Lab,Physician,174
Registered Nurse,Case Manager,174
Patient Care Tech,Other,173
Other,Pharmacy,173
Other,Social Worker,173
Therapist,Registered Nurse,172
Therapist,Resident,172
Physician,Therapist,171
Other,Other,171
Registered Nurse,Patient Care Tech,170
Physician,Other,170
Advanced Practice Nurse,Physician,169
Registered Nurse,Lab,169
Nursing Assistant,Physician,169
Other,Patient Care Tech,169
Therapist,Registered Nurse,168
Physician,Registered Nurse,168
Tech,Physician Assistant,168
Other,Case Manager,167
Therapist,Advanced Practice Nurse,166
Therapist,Social Worker,166
Patient Care Tech,Therapist,165
Physician,Other,165
Tech,Other,164
Other,Case Manager,164
Physician Assistant,Other,163
Social Worker,Therapist,163
Physician,Therapist,162
Advanced Practice Nurse,Advanced Practice Nurse,162
Resident,Other,162
Therapist,Physician,161
Other,Other,161
Physician,Therapist,161
Other,Other,161
Therapist,Therapist,161
Pharmacy,Other,161
Registered Nurse,Therapist,160
Resident,Other,160
Pharmacy,Other,160
Other,Advanced Practice Nurse,160
Therapist,Nursing Assistant,160
Advanced Practice Nurse,Front Desk,158
Advanced Practice Nurse,Other,158
Physician,Other,158
Other,Registered Nurse,158
Therapist,Social Worker,156
Advanced Practice Nurse,Therapist,156
Therapist,Other,156
Other,Other,156
Other,Other,156
Registered Nurse,Patient Care Tech,156
Advanced Practice Nurse,Other,155
Therapist,Other,155
Therapist,Other,155
Therapist,Therapist,154
Therapist,Therapist,154
Resident,Other,153
Pharmacy,Lab,153
Physician Assistant,Therapist,153
Registered Nurse,Physician,152
Other,Other,152
Physician,Resident,150
Other,Other,150
Registered Nurse,Therapist,149
Physician Assistant,Registered Nurse,149
Physician,Nursing Assistant,148
Therapist,Therapist,148
Other,Therapist,148
Other,Pharmacy,146
Pharmacy,Pharmacy,146
Physician,Other,145
Other,Pharmacy,145
Therapist,Therapist,144
Therapist,Other,144
Physician,Lab,142
Physician,Other,142
Other,Other,142
Other,Physician Assistant,142
Other,Other,142
Other,Therapist,141
Social Worker,Other,141
Pharmacy,Advanced Practice Nurse,141
Other,Therapist,141
Other,Other,141
Other,Tech,141
Case Manager,Resident,141
Advanced Practice Nurse,Advanced Practice Nurse,140
Other,Resident,140
Other,Physician,140
Pharmacy,Patient Care Tech,140
Other,Other,140
Other,Physician,140
Therapist,Other,139
Pharmacy,Other,139
Physician Assistant,Other,137
Physician,Therapist,136
Other,Other,136
Social Worker,Other,136
Physician,Other,136
Other,Patient Care Tech,136
Advanced Practice Nurse,Other,135
Therapist,Therapist,135
Other,Therapist,135
Physician,Therapist,135
Other,Registered Nurse,135
Case Manager,Case Manager,135
Physician,Physician,134
Therapist,Therapist,134
Tech,Case Manager,134
Tech,Lab,134
Other,Therapist,134
Other,Patient Care Tech,134
Other,Nursing Assistant,134
Therapist,Lab,133
Other,Pharmacy,133
Other,Other,133
Therapist,Advanced Practice Nurse,133
Other,Other,132
Registered Nurse,Resident,131
Social Worker,Advanced Practice Nurse,131
Nursing Assistant,Lab,131
Other,Other,131
Other,Registered Nurse,131
Other,Therapist,130
Therapist,Other,129
Other,Pharmacy,129
Social Worker,Registered Nurse,129
Other,Physician Assistant,129
Registered Nurse,Other,128
Lab,Registered Nurse,128
Patient Care Tech,Registered Nurse,127
Other,Physician Assistant,127
Other,Other,127
Other,Therapist,127
Therapist,Registered Nurse,126
Lab,Anesthesia,126
Physician,Other,126
Other,Lab,126
Other,Front Desk,125
Nursing Assistant,Therapist,125
Other,Other,125
Other,Therapist,125
Other,Registered Nurse,124
Other,Other,124
Anesthesia,Case Manager,123
Physician,Registered Nurse,123
Tech,Tech,123
Case Manager,Physician,123
Therapist,Physician,123
Advanced Practice Nurse,Registered Nurse,122
Therapist,Physician Assistant,121
Patient Care Tech,Physician,121
Physician,Nursing Assistant,121
Tech,Pharmacy,121
Tech,Tech,121
Other,Other,121
Social Worker,Other,120
Physician,Nursing Assistant,120
Lab,Tech,120
Physician,Patient Care Tech,120
Other,Pharmacy,120
Advanced Practice Nurse,Anesthesia,119
Therapist,Physician Assistant,119
Therapist,Registered Nurse,119
Anesthesia,Anesthesia,119
Pharmacy,Other,119
Other,Other,119
Pharmacy,Other,118
Tech,Therapist,118
Nursing Assistant,Therapist,118
Pharmacy,Case Manager,118
Physician,Physician Assistant,117
Advanced Practice Nurse,Advanced Practice Nurse,117
Therapist,Therapist,117
Lab,Tech,117
Anesthesia,Anesthesia,116
Physician,Advanced Practice Nurse,116
Other,Pharmacy,116
Other,Therapist,116
Therapist,Therapist,116
Advanced Practice Nurse,Pharmacy,115
Other,Case Manager,115
Other,Pharmacy,115
Case Manager,Other,115
Therapist,Other,114
Resident,Pharmacy,114
Physician,Other,114
Other,Case Manager,114
Registered Nurse,Physician,113
Resident,Therapist,113
Tech,Other,113
Other,Other,113
Therapist,Other,112
Other,Other,112
Tech,Other,111
Therapist,Registered Nurse,111
Physician Assistant,Nursing Assistant,110
Therapist,Other,110
Nursing Assistant,Tech,110
Other,Therapist,110
Tech,Social Worker,109
Therapist,Physician,108
Registered Nurse,Advanced Practice Nurse,108
Nursing Assistant,Other,108
Other,Registered Nurse,108
Tech,Other,108
Other,Patient Care Tech,108
Other,Other,108
Other,Other,108
Therapist,Physician Assistant,107
Case Manager,Anesthesia,107
Case Manager,Registered Nurse,107
Therapist,Other,107
Other,Advanced Practice Nurse,107
Other,Other,107
Physician Assistant,Registered Nurse,107
Physician,Physician,106
Pharmacy,Other,106
Other,Nursing Assistant,106
Nursing Assistant,Tech,105
Case Manager,Other,105
Anesthesia,Anesthesia,104
Therapist,Resident,104
Therapist,Other,104
Case Manager,Therapist,104
Pharmacy,Other,103
Lab,Anesthesia,103
Other,Other,103
Therapist,Other,102
Resident,Therapist,102
Registered Nurse,Other,102
Physician Assistant,Advanced Practice Nurse,102
Physician,Lab,101
Physician,Lab,101
Anesthesia,Other,100
Physician Assistant,Therapist,100
Advanced Practice Nurse,Therapist,100
Other,Other,100
Other,Nursing Assistant,99
Other,Lab,99
Registered Nurse,Therapist,98
Physician,Therapist,98
Physician,Registered Nurse,98
Therapist,Physician,96
Case Manager,Tech,96
Resident,Case Manager,95
Tech,Nursing Assistant,95
Other,Other,95
Other,Physician,95
Other,Physician,95
Other,Other,94
Case Manager,Therapist,94
Physician,Patient Care Tech,93
Resident,Anesthesia,93
Other,Other,93
Physician,Anesthesia,92
Physician,Tech,92
Other,Other,92
Other,Patient Care Tech,92
Other,Physician,92
Other,Other,92
Therapist,Registered Nurse,92
Therapist,Therapist,91
Lab,Anesthesia,91
Front Desk,Other,91
Social Worker,Anesthesia,90
Lab,Registered Nurse,90
Other,Pharmacy,90
Other,Advanced Practice Nurse,90
Anesthesia,Other,89
Advanced Practice Nurse,Physician Assistant,89
Social Worker,Other,89
Pharmacy,Other,89
Pharmacy,Other,89
Other,Resident,89
Other,Other,89
Therapist,Other,88
Physician,Other,88
Other,Anesthesia,88
Other,Other,88
Other,Nursing Assistant,88
Other,Other,88
Physician Assistant,Front Desk,87
Pharmacy,Tech,87
Lab,Lab,87
Physician,Resident,86
Other,Case Manager,86
Patient Care Tech,Case Manager,86
Lab,Nursing Assistant,85
Therapist,Physician,85
Other,Case Manager,85
Nursing Assistant,Pharmacy,84
Other,Lab,84
Registered Nurse,Social Worker,84
Other,Case Manager,84
Therapist,Therapist,83
Therapist,Social Worker,83
Therapist,Therapist,83
Therapist,Other,82
Pharmacy,Nursing Assistant,82
Other,Physician,82
Registered Nurse,Therapist,82
Other,Pharmacy,82
Anesthesia,Lab,81
Therapist,Therapist,81
Therapist,Other,81
Lab,Lab,81
Other,Other,81
Other,Pharmacy,81
Therapist,Therapist,81
Advanced Practice Nurse,Other,80
Other,Anesthesia,80
Therapist,Therapist,79
Therapist,Therapist,79
Other,Nursing Assistant,79
Other,Other,79
Other,Therapist,79
Therapist,Physician Assistant,79
Therapist,Advanced Practice Nurse,79
Physician,Other,78
Other,Anesthesia,78
Physician,Physician,78
Front Desk,Anesthesia,78
Other,Tech,78
Advanced Practice Nurse,Lab,77
Physician Assistant,Advanced Practice Nurse,77
Case Manager,Therapist,77
Pharmacy,Nursing Assistant,77
Other,Front Desk,77
Other,Therapist,77
Physician Assistant,Therapist,76
Therapist,Resident,76
Therapist,Other,76
Patient Care Tech,Other,76
Lab,Pharmacy,76
Physician,Physician,76
Lab,Lab,76
Physician,Other,75
Physician Assistant,Therapist,75
Therapist,Nursing Assistant,75
Social Worker,Tech,75
Pharmacy,Pharmacy,75
Therapist,Other,75
Registered Nurse,Therapist,74
Registered Nurse,Pharmacy,74
Therapist,Therapist,74
Physician,Other,74
Resident,Tech,74
Physician,Other,74
Nursing Assistant,Nursing Assistant,74
Anesthesia,Tech,73
Therapist,Other,73
Lab,Therapist,73
Other,Lab,73
Other,Other,73
Other,Other,73
Therapist,Case Manager,72
Advanced Practice Nurse,Anesthesia,72
Therapist,Physician,72
Therapist,Therapist,72
Therapist,Therapist,72
Physician,Therapist,71
Therapist,Physician Assistant,71
Therapist,Tech,71
Other,Other,71
Patient Care Tech,Therapist,71
Other,Other,71
Other,Other,71
Other,Therapist,71
Therapist,Therapist,70
Therapist,Therapist,70
Case Manager,Therapist,70
Pharmacy,Therapist,70
Other,Advanced Practice Nurse,70
Therapist,Case Manager,70
Therapist,Case Manager,70
Physician,Physician,70
Case Manager,Other,69
Therapist,Therapist,69
Other,Therapist,69
Pharmacy,Therapist,69
Other,Other,69
Pharmacy,Registered Nurse,69
Therapist,Therapist,68
Case Manager,Therapist,68
Registered Nurse,Other,68
Patient Care Tech,Other,68
Other,Physician,68
Other,Other,68
Case Manager,Other,68
Other,Physician Assistant,68
Therapist,Case Manager,67
Case Manager,Tech,67
Therapist,Physician,67
Physician,Other,67
Therapist,Patient Care Tech,67
Resident,Therapist,67
Front Desk,Physician,67
Physician,Patient Care Tech,67
Other,Anesthesia,67
Other,Therapist,67
Pharmacy,Other,67
Advanced Practice Nurse,Social Worker,66
Resident,Physician,66
Lab,Physician,66
Lab,Tech,66
Therapist,Resident,66
Other,Therapist,66
Case Manager,Lab,66
Other,Therapist,66
Therapist,Case Manager,65
Tech,Advanced Practice Nurse,65
Other,Registered Nurse,65
Nursing Assistant,Physician Assistant,65
Case Manager,Therapist,64
Therapist,Pharmacy,64
Resident,Therapist,64
Physician,Therapist,64
Lab,Other,64
Lab,Therapist,64
Front Desk,Other,64
Other,Other,64
Nursing Assistant,Other,64
Physician Assistant,Physician Assistant,64
Nursing Assistant,Other,63
Other,Pharmacy,63
Other,Nursing Assistant,63
Nursing Assistant,Patient Care Tech,63
Other,Therapist,63
Other,Other,63
Other,Advanced Practice Nurse,62
Other,Other,62
Other,Other,62
Nursing Assistant,Social Worker,62
Nursing Assistant,Other,62
Pharmacy,Other,62
Other,Other,62
Case Manager,Therapist,62
Registered Nurse,Lab,61
Physician,Other,60
Therapist,Other,60
Other,Other,60
Other,Physician,60
Patient Care Tech,Other,60
Lab,Advanced Practice Nurse,60
Physician,Other,60
Other,Other,60
Advanced Practice Nurse,Therapist,59
Therapist,Patient Care Tech,59
Resident,Other,59
Patient Care Tech,Physician,59
Lab,Case Manager,59
Therapist,Therapist,59
Advanced Practice Nurse,Tech,58
Case Manager,Nursing Assistant,58
Lab,Other,58
Nursing Assistant,Therapist,58
Nursing Assistant,Pharmacy,58
Nursing Assistant,Other,58
Other,Other,58
Other,Other,58
Nursing Assistant,Physician,58
Other,Therapist,58
Physician,Social Worker,57
Therapist,Therapist,57
Registered Nurse,Other,57
Social Worker,Other,57
Tech,Tech,57
Other,Therapist,57
Other,Anesthesia,57
Therapist,Other,57
Advanced Practice Nurse,Physician Assistant,56
Registered Nurse,Case Manager,56
Resident,Physician,56
Physician,Registered Nurse,56
Tech,Other,56
Other,Physician,56
Case Manager,Therapist,56
Pharmacy,Resident,56
Physician Assistant,Physician,56
Advanced Practice Nurse,Physician,55
Therapist,Therapist,55
Tech,Front Desk,55
Other,Tech,55
Therapist,Physician Assistant,54
Other,Other,54
Other,Physician,54
Other,Therapist,54
Pharmacy,Other,54
Other,Other,54
Anesthesia,Other,53
Therapist,Therapist,53
Registered Nurse,Social Worker,53
Lab,Therapist,53
Pharmacy,Other,53
Therapist,Physician,53
Physician Assistant,Therapist,52
Other,Lab,52
Physician,Other,52
Tech,Registered Nurse,52
Therapist,Social Worker,52
Other,Therapist,51
Registered Nurse,Other,51
Lab,Other,51
Nursing Assistant,Tech,51
Physician Assistant,Physician,50
Therapist,Other,50
Social Worker,Therapist,50
Other,Other,50
Other,Other,50
Other,Lab,50
Physician Assistant,Therapist,50
Registered Nurse,Other,50
Pharmacy,Anesthesia,50
Therapist,Other,50
Therapist,Other,50
Anesthesia,Social Worker,49
Registered Nurse,Other,49
Social Worker,Other,49
Other,Other,49
Tech,Other,49
Nursing Assistant,Patient Care Tech,49
Other,Therapist,49
Registered Nurse,Therapist,49
Other,Physician Assistant,49
Other,Other,49
Other,Therapist,49
Registered Nurse,Physician Assistant,48
Advanced Practice Nurse,Pharmacy,48
Advanced Practice Nurse,Pharmacy,48
Other,Case Manager,48
Physician,Advanced Practice Nurse,48
Tech,Other,48
Therapist,Therapist,48
Therapist,Pharmacy,48
Other,Tech,48
Registered Nurse,Lab,47
Pharmacy,Lab,47
Pharmacy,Other,47
Lab,Therapist,47
Physician,Advanced Practice Nurse,47
Other,Other,47
Advanced Practice Nurse,Other,46
Advanced Practice Nurse,Therapist,46
Therapist,Patient Care Tech,46
Pharmacy,Therapist,46
Resident,Other,46
Physician,Other,46
Tech,Other,46
Other,Therapist,46
Therapist,Other,45
Therapist,Registered Nurse,45
Pharmacy,Registered Nurse,45
Other,Tech,45
Physician,Registered Nurse,45
Lab,Physician,45
Other,Other,45
Pharmacy,Other,45
Other,Therapist,45
Registered Nurse,Physician,45
Other,Other,45
Therapist,Patient Care Tech,45
Other,Tech,45
Therapist,Other,44
Therapist,Case Manager,44
Physician,Registered Nurse,44
Patient Care Tech,Pharmacy,44
Lab,Lab,44
Physician,Advanced Practice Nurse,44
Other,Other,44
Tech,Registered Nurse,44
Registered Nurse,Physician,44
Therapist,Resident,44
Therapist,Therapist,44
Therapist,Therapist,44
Physician,Therapist,43
Anesthesia,Advanced Practice Nurse,43
Therapist,Therapist,43
Therapist,Registered Nurse,43
Social Worker,Social Worker,43
Tech,Other,43
Other,Other,43
Physician,Therapist,42
Anesthesia,Other,42
Case Manager,Front Desk,42
Therapist,Therapist,42
Other,Resident,42
Tech,Therapist,42
Other,Other,42
Case Manager,Pharmacy,42
Other,Therapist,42
Physician Assistant,Physician,41
Physician Assistant,Therapist,41
Therapist,Nursing Assistant,41
Therapist,Lab,41
Other,Tech,41
Other,Other,41
Tech,Tech,41
Registered Nurse,Other,41
Physician Assistant,Other,41
Anesthesia,Other,40
Advanced Practice Nurse,Other,40
Therapist,Case Manager,40
Other,Therapist,40
Registered Nurse,Therapist,40
Other,Tech,40
Patient Care Tech,Therapist,40
Lab,Lab,40
Other,Physician,40
Other,Anesthesia,40
Therapist,Physician,40
Social Worker,Other,40
Other,Lab,40
Case Manager,Therapist,40
Registered Nurse,Therapist,39
Anesthesia,Nursing Assistant,39
Therapist,Other,39
Therapist,Other,39
Therapist,Other,39
Pharmacy,Therapist,39
Resident,Physician,39
Physician,Advanced Practice Nurse,39
Tech,Anesthesia,39
Other,Advanced Practice Nurse,39
Other,Registered Nurse,39
Therapist,Physician,39
Therapist,Lab,38
Therapist,Nursing Assistant,38
Other,Lab,38
Other,Advanced Practice Nurse,38
Tech,Anesthesia,38
Other,Lab,38
Advanced Practice Nurse,Other,37
Registered Nurse,Other,37
Anesthesia,Pharmacy,37
Therapist,Therapist,37
Case Manager,Other,37
Other,Patient Care Tech,37
Physician,Therapist,37
Other,Resident,37
Lab,Resident,37
Nursing Assistant,Other,37
Social Worker,Other,37
Other,Tech,37
Pharmacy,Other,37
Physician Assistant,Therapist,37
Therapist,Therapist,37
Other,Resident,37
Other,Physician,37
Therapist,Other,36
Pharmacy,Advanced Practice Nurse,36
Resident,Physician,36
Front Desk,Lab,36
Nursing Assistant,Other,36
Other,Advanced Practice Nurse,36
Other,Therapist,36
Therapist,Therapist,36
Advanced Practice Nurse,Physician,35
Registered Nurse,Physician Assistant,35
Advanced Practice Nurse,Other,35
Therapist,Anesthesia,35
Therapist,Tech,35
Registered Nurse,Pharmacy,35
Lab,Other,35
Other,Other,35
Physician,Physician Assistant,35
Physician,Other,35
Nursing Assistant,Tech,35
Other,Case Manager,35
Other,Therapist,35
Other,Advanced Practice Nurse,35
Therapist,Registered Nurse,35
Case Manager,Pharmacy,35
Therapist,Therapist,35
Anesthesia,Pharmacy,34
Therapist,Therapist,34
Case Manager,Therapist,34
Case Manager,Lab,34
Therapist,Pharmacy,34
Social Worker,Nursing Assistant,34
Resident,Therapist,34
Front Desk,Case Manager,34
Nursing Assistant,Therapist,34
Physician,Other,34
Other,Physician,34
Tech,Registered Nurse,34
Other,Other,34
Physician Assistant,Registered Nurse,34
Other,Other,34
Therapist,Physician Assistant,34
Other,Physician Assistant,34
Physician,Therapist,33
Physician Assistant,Tech,33
Therapist,Therapist,33
Therapist,Registered Nurse,33
Therapist,Registered Nurse,33
Physician,Physician,33
Social Worker,Therapist,33
Tech,Other,33
Therapist,Physician,33
Other,Therapist,33
Other,Advanced Practice Nurse,33
Case Manager,Other,33
Therapist,Therapist,32
Therapist,Therapist,32
Therapist,Registered Nurse,32
Patient Care Tech,Nursing Assistant,32
Physician,Social Worker,32
Physician,Resident,32
Lab,Physician,32
Other,Other,32
Other,Other,32
Physician,Resident,32
Physician Assistant,Other,31
Physician Assistant,Other,31
Therapist,Therapist,31
Advanced Practice Nurse,Other,31
Therapist,Tech,31
Therapist,Therapist,31
Social Worker,Other,31
Front Desk,Physician Assistant,31
Physician,Physician Assistant,31
Other,Other,31
Other,Case Manager,31
Therapist,Advanced Practice Nurse,31
Therapist,Other,31
Advanced Practice Nurse,Social Worker,30
Therapist,Pharmacy,30
Therapist,Therapist,30
Therapist,Therapist,30
Therapist,Other,30
Other,Therapist,30
Nursing Assistant,Anesthesia,30
Physician,Therapist,30
Other,Case Manager,30
Other,Physician,30
Social Worker,Physician,30
Other,Other,30
Case Manager,Therapist,30
Other,Advanced Practice Nurse,30
Case Manager,Physician Assistant,30
Physician,Lab,29
Physician Assistant,Other,29
Physician Assistant,Therapist,29
Other,Other,29
Therapist,Physician,29
Social Worker,Therapist,29
Resident,Other,29
Physician,Lab,29
Lab,Other,29
Physician,Advanced Practice Nurse,29
Tech,Lab,29
Therapist,Therapist,29
Other,Physician,29
Other,Other,29
Therapist,Other,29
Other,Other,29
Physician,Lab,28
Advanced Practice Nurse,Therapist,28
Registered Nurse,Social Worker,28
Advanced Practice Nurse,Anesthesia,28
Physician Assistant,Tech,28
Therapist,Physician Assistant,28
Therapist,Other,28
Anesthesia,Registered Nurse,28
Therapist,Anesthesia,28
Physician,Physician Assistant,28
Nursing Assistant,Nursing Assistant,28
Registered Nurse,Therapist,28
Other,Lab,28
Social Worker,Other,28
Other,Other,28
Pharmacy,Other,28
Therapist,Resident,28
Other,Advanced Practice Nurse,28
Physician,Lab,27
Physician Assistant,Physician,27
Therapist,Therapist,27
Advanced Practice Nurse,Physician,27
Resident,Tech,27
Resident,Therapist,27
Resident,Therapist,27
Other,Tech,27
Other,Pharmacy,27
Lab,Other,27
Therapist,Registered Nurse,27
Social Worker,Social Worker,27
Other,Case Manager,27
Case Manager,Pharmacy,27
Therapist,Nursing Assistant,27
Anesthesia,Therapist,26
Therapist,Advanced Practice Nurse,26
Other,Therapist,26
Physician,Physician,26
Tech,Case Manager,26
Other,Tech,26
Pharmacy,Nursing Assistant,26
Case Manager,Nursing Assistant,26
Physician Assistant,Therapist,25
Other,Registered Nurse,25
Other,Registered Nurse,25
Resident,Tech,25
Physician,Anesthesia,25
Lab,Other,25
Physician,Physician,25
Tech,Other,25
Nursing Assistant,Other,25
Other,Other,25
Registered Nurse,Pharmacy,25
Physician,Physician,24
Physician,Tech,24
Physician,Therapist,24
Registered Nurse,Case Manager,24
Advanced Practice Nurse,Other,24
Other,Other,24
Other,Other,24
Front Desk,Patient Care Tech,24
Nursing Assistant,Other,24
Nursing Assistant,Other,24
Physician Assistant,Therapist,24
Therapist,Physician,24
Other,Other,24
Registered Nurse,Tech,23
Registered Nurse,Other,23
Patient Care Tech,Therapist,23
Lab,Pharmacy,23
Physician,Therapist,23
Physician Assistant,Physician Assistant,23
Physician Assistant,Anesthesia,23
Physician Assistant,Other,23
Registered Nurse,Other,23
Therapist,Therapist,23
Therapist,Social Worker,23
Social Worker,Registered Nurse,23
Social Worker,Advanced Practice Nurse,23
Physician Assistant,Physician Assistant,23
Physician,Other,22
Advanced Practice Nurse,Lab,22
Registered Nurse,Physician,22
Physician Assistant,Therapist,22
Therapist,Registered Nurse,22
Therapist,Physician,22
Therapist,Physician Assistant,22
Other,Nursing Assistant,22
Therapist,Anesthesia,22
Therapist,Other,22
Physician,Resident,22
Resident,Social Worker,22
Patient Care Tech,Therapist,22
Lab,Lab,22
Physician,Physician,22
Other,Other,22
Tech,Physician Assistant,22
Other,Physician,22
Physician Assistant,Physician,22
Tech,Therapist,22
Other,Other,22
Pharmacy,Physician,22
Other,Physician Assistant,22
Registered Nurse,Therapist,21
Physician Assistant,Tech,21
Advanced Practice Nurse,Physician,21
Therapist,Pharmacy,21
Therapist,Other,21
Therapist,Other,21
Therapist,Other,21
Social Worker,Physician,21
Lab,Nursing Assistant,21
Front Desk,Advanced Practice Nurse,21
Other,Other,21
Other,Other,21
Other,Social Worker,21
Therapist,Resident,21
Therapist,Physician,21
Therapist,Therapist,21
Other,Other,21
Other,Case Manager,21
Advanced Practice Nurse,Pharmacy,20
Advanced Practice Nurse,Lab,20
Therapist,Therapist,20
Therapist,Patient Care Tech,20
Therapist,Other,20
Therapist,Other,20
Lab,Other,20
Physician,Therapist,20
Nursing Assistant,Other,20
Other,Anesthesia,20
Physician,Social Worker,20
Physician,Social Worker,20
Other,Social Worker,20
Tech,Therapist,20
Tech,Other,20
Tech,Physician,20
Therapist,Physician,20
Therapist,Physician,20
Other,Physician,20
Therapist,Other,19
Other,Registered Nurse,19
Physician,Advanced Practice Nurse,19
Therapist,Other,19
Registered Nurse,Therapist,19
Resident,Therapist,19
Lab,Advanced Practice Nurse,19
Lab,Other,19
Front Desk,Tech,19
Physician,Anesthesia,19
Physician,Other,19
Other,Therapist,19
Tech,Tech,19
Tech,Other,19
Other,Other,19
Other,Therapist,19
Other,Advanced Practice Nurse,19
Therapist,Physician Assistant,19
Other,Pharmacy,19
Therapist,Lab,19
Other,Lab,19
Physician,Therapist,18
Physician,Therapist,18
Physician,Pharmacy,18
Physician,Physician,18
Advanced Practice Nurse,Other,18
Registered Nurse,Physician,18
Advanced Practice Nurse,Physician,18
Physician Assistant,Lab,18
Physician Assistant,Therapist,18
Therapist,Therapist,18
Advanced Practice Nurse,Case Manager,18
Therapist,Lab,18
Therapist,Therapist,18
Physician,Registered Nurse,18
Other,Anesthesia,18
Other,Physician,18
Social Worker,Physician,18
Lab,Other,18
Physician,Other,18
Nursing Assistant,Other,18
Nursing Assistant,Other,18
Physician,Other,18
Other,Tech,18
Tech,Other,18
Tech,Physician Assistant,18
Registered Nurse,Registered Nurse,18
Registered Nurse,Other,18
Other,Therapist,18
Therapist,Therapist,18
Case Manager,Other,18
Other,Nursing Assistant,18
Therapist,Other,18
Physician,Advanced Practice Nurse,18
Other,Physician,18
Other,Tech,18
Advanced Practice Nurse,Physician,17
Advanced Practice Nurse,Tech,17
Pharmacy,Registered Nurse,17
Therapist,Therapist,17
Registered Nurse,Registered Nurse,17
Lab,Registered Nurse,17
Lab,Therapist,17
Front Desk,Resident,17
Physician,Other,17
Physician,Other,17
Other,Other,17
Pharmacy,Other,17
Tech,Nursing Assistant,17
Other,Physician,17
Other,Other,17
Other,Nursing Assistant,17
Physician Assistant,Patient Care Tech,17
Other,Physician,17
Tech,Advanced Practice Nurse,17
Registered Nurse,Nursing Assistant,17
Registered Nurse,Tech,17
Therapist,Physician,17
Therapist,Physician Assistant,17
Other,Other,17
Other,Therapist,17
Physician,Other,16
Physician Assistant,Other,16
Therapist,Case Manager,16
Therapist,Therapist,16
Case Manager,Advanced Practice Nurse,16
Therapist,Therapist,16
Pharmacy,Case Manager,16
Registered Nurse,Physician,16
Resident,Lab,16
Other,Registered Nurse,16
Other,Other,16
Tech,Resident,16
Other,Therapist,16
Other,Pharmacy,16
Tech,Other,16
Therapist,Therapist,16
Other,Resident,16
Physician Assistant,Case Manager,15
Therapist,Case Manager,15
Case Manager,Therapist,15
Therapist,Other,15
Therapist,Other,15
Therapist,Other,15
Physician,Advanced Practice Nurse,15
Other,Therapist,15
Other,Therapist,15
Social Worker,Physician,15
Resident,Other,15
Resident,Other,15
Patient Care Tech,Therapist,15
Nursing Assistant,Registered Nurse,15
Physician,Patient Care Tech,15
Physician Assistant,Other,15
Other,Other,15
Lab,Advanced Practice Nurse,15
Other,Therapist,15
Other,Tech,15
Other,Therapist,15
Other,Patient Care Tech,15
Therapist,Therapist,15
Case Manager,Other,15
Pharmacy,Pharmacy,15
Therapist,Other,15
Other,Therapist,15
Therapist,Case Manager,15
Physician,Physician,14
Physician Assistant,Other,14
Therapist,Registered Nurse,14
Advanced Practice Nurse,Therapist,14
Advanced Practice Nurse,Lab,14
Advanced Practice Nurse,Other,14
Advanced Practice Nurse,Physician Assistant,14
Advanced Practice Nurse,Therapist,14
Therapist,Registered Nurse,14
Therapist,Therapist,14
Therapist,Social Worker,14
Therapist,Other,14
Registered Nurse,Registered Nurse,14
Resident,Lab,14
Resident,Other,14
Physician,Registered Nurse,14
Physician,Social Worker,14
Front Desk,Tech,14
Other,Pharmacy,14
Other,Other,14
Other,Case Manager,14
Tech,Other,14
Tech,Anesthesia,14
Tech,Advanced Practice Nurse,14
Other,Registered Nurse,14
Other,Tech,14
Other,Physician Assistant,14
Other,Tech,14
Other,Physician Assistant,14
Other,Resident,14
Case Manager,Therapist,14
Case Manager,Nursing Assistant,14
Case Manager,Other,14
Other,Other,14
Physician,Physician,14
Other,Advanced Practice Nurse,14
Anesthesia,Physician,13
Anesthesia,Physician,13
Physician Assistant,Other,13
Therapist,Tech,13
Advanced Practice Nurse,Physician,13
Advanced Practice Nurse,Tech,13
Advanced Practice Nurse,Tech,13
Advanced Practice Nurse,Therapist,13
Therapist,Nursing Assistant,13
Therapist,Case Manager,13
Registered Nurse,Other,13
Other,Other,13
Social Worker,Tech,13
Patient Care Tech,Other,13
Lab,Case Manager,13
Lab,Therapist,13
Front Desk,Social Worker,13
Front Desk,Other,13
Other,Social Worker,13
Physician,Physician,13
Physician,Anesthesia,13
Other,Therapist,13
Other,Other,13
Anesthesia,Other,13
Lab,Lab,13
Tech,Other,13
Tech,Physician,13
Other,Therapist,13
Physician Assistant,Other,13
Therapist,Resident,13
Social Worker,Other,13
Case Manager,Physician,13
Case Manager,Other,13
Case Manager,Other,13
Other,Therapist,13
Case Manager,Lab,13
Therapist,Other,13
Advanced Practice Nurse,Anesthesia,12
Registered Nurse,Other,12
Anesthesia,Physician,12
Therapist,Lab,12
Therapist,Other,12
Therapist,Other,12
Therapist,Physician,12
Case Manager,Therapist,12
Therapist,Therapist,12
Other,Other,12
Social Worker,Front Desk,12
Resident,Lab,12
Resident,Physician,12
Physician,Physician,12
Physician,Case Manager,12
Lab,Other,12
Nursing Assistant,Tech,12
Nursing Assistant,Therapist,12
Physician,Therapist,12
Lab,Physician,12
Lab,Lab,12
Other,Advanced Practice Nurse,12
Other,Anesthesia,12
Anesthesia,Tech,12
Tech,Therapist,12
Tech,Other,12
Other,Registered Nurse,12
Other,Advanced Practice Nurse,12
Other,Resident,12
Anesthesia,Therapist,12
Lab,Other,12
Tech,Other,12
Registered Nurse,Other,12
Tech,Registered Nurse,12
Other,Tech,12
Other,Resident,12
Pharmacy,Other,12
Other,Pharmacy,12
Other,Tech,12
Case Manager,Therapist,12
Case Manager,Registered Nurse,12
Physician,Therapist,11
Registered Nurse,Lab,11
Anesthesia,Therapist,11
Advanced Practice Nurse,Other,11
Anesthesia,Anesthesia,11
Case Manager,Physician,11
Therapist,Tech,11
Pharmacy,Tech,11
Other,Therapist,11
Therapist,Pharmacy,11
Registered Nurse,Therapist,11
Other,Other,11
Resident,Nursing Assistant,11
Physician,Therapist,11
Lab,Advanced Practice Nurse,11
Lab,Pharmacy,11
Nursing Assistant,Patient Care Tech,11
Physician,Physician Assistant,11
Other,Therapist,11
Anesthesia,Tech,11
Tech,Nursing Assistant,11
Tech,Resident,11
Tech,Therapist,11
Tech,Other,11
Tech,Lab,11
Tech,Tech,11
Other,Other,11
Other,Lab,11
Other,Other,11
Tech,Physician,11
Registered Nurse,Therapist,11
Registered Nurse,Tech,11
Therapist,Social Worker,11
Other,Other,11
Other,Registered Nurse,11
Other,Therapist,11
Other,Physician Assistant,11
Pharmacy,Lab,11
Pharmacy,Case Manager,11
Physician Assistant,Other,11
Therapist,Anesthesia,11
Other,Tech,11
Registered Nurse,Lab,10
Physician Assistant,Anesthesia,10
Physician Assistant,Physician,10
Therapist,Other,10
Therapist,Anesthesia,10
Therapist,Therapist,10
Therapist,Advanced Practice Nurse,10
Therapist,Registered Nurse,10
Therapist,Resident,10
Therapist,Therapist,10
Therapist,Therapist,10
Pharmacy,Physician,10
Therapist,Tech,10
Other,Therapist,10
Social Worker,Lab,10
Resident,Tech,10
Resident,Other,10
Lab,Therapist,10
Nursing Assistant,Other,10
Physician,Other,10
Physician,Other,10
Pharmacy,Lab,10
Pharmacy,Other,10
Other,Anesthesia,10
Other,Physician,10
Other,Other,10
Other,Anesthesia,10
Other,Front Desk,10
Physician Assistant,Advanced Practice Nurse,10
Other,Lab,10
Therapist,Advanced Practice Nurse,10
Other,Social Worker,10
Case Manager,Other,10
Pharmacy,Physician Assistant,10
Therapist,Advanced Practice Nurse,10
Therapist,Therapist,10
Therapist,Other,10
Other,Registered Nurse,10
Therapist,Therapist,10
Physician,Other,9
Physician,Physician Assistant,9
Physician,Physician Assistant,9
Advanced Practice Nurse,Tech,9
Physician Assistant,Other,9
Advanced Practice Nurse,Anesthesia,9
Therapist,Other,9
Therapist,Case Manager,9
Therapist,Physician,9
Therapist,Pharmacy,9
Therapist,Nursing Assistant,9
Physician,Registered Nurse,9
Therapist,Nursing Assistant,9
Registered Nurse,Other,9
Registered Nurse,Other,9
Other,Social Worker,9
Lab,Other,9
Physician,Therapist,9
Other,Physician Assistant,9
Other,Other,9
Other,Front Desk,9
Other,Therapist,9
Tech,Case Manager,9
Tech,Advanced Practice Nurse,9
Tech,Therapist,9
Tech,Therapist,9
Tech,Other,9
Other,Therapist,9
Nursing Assistant,Therapist,9
Nursing Assistant,Case Manager,9
Other,Other,9
Other,Other,9
Other,Therapist,9
Therapist,Therapist,9
Therapist,Other,9
Other,Therapist,9
Other,Case Manager,9
Social Worker,Physician,9
Other,Other,9
Other,Physician,9
Other,Social Worker,9
Therapist,Resident,9
Therapist,Tech,9
Physician,Tech,9
Case Manager,Case Manager,9
Other,Therapist,9
Advanced Practice Nurse,Tech,8
Registered Nurse,Physician,8
Registered Nurse,Other,8
Anesthesia,Therapist,8
Therapist,Other,8
Therapist,Other,8
Advanced Practice Nurse,Lab,8
Therapist,Anesthesia,8
Therapist,Therapist,8
Therapist,Advanced Practice Nurse,8
Therapist,Front Desk,8
Therapist,Other,8
Therapist,Other,8
Other,Therapist,8
Therapist,Nursing Assistant,8
Therapist,Other,8
Other,Therapist,8
Social Worker,Physician,8
Resident,Tech,8
Patient Care Tech,Physician,8
Patient Care Tech,Lab,8
Patient Care Tech,Other,8
Lab,Therapist,8
Physician,Nursing Assistant,8
Physician,Pharmacy,8
Front Desk,Other,8
Other,Physician,8
Physician,Other,8
Physician Assistant,Front Desk,8
Other,Nursing Assistant,8
Other,Therapist,8
Lab,Patient Care Tech,8
Tech,Registered Nurse,8
Tech,Registered Nurse,8
Pharmacy,Advanced Practice Nurse,8
Pharmacy,Other,8
Tech,Therapist,8
Tech,Other,8
Tech,Other,8
Tech,Nursing Assistant,8
Other,Therapist,8
Nursing Assistant,Lab,8
Other,Therapist,8
Nursing Assistant,Resident,8
Nursing Assistant,Other,8
Nursing Assistant,Other,8
Other,Advanced Practice Nurse,8
Other,Other,8
Other,Physician Assistant,8
Other,Advanced Practice Nurse,8
Pharmacy,Lab,8
Physician Assistant,Other,8
Other,Therapist,8
Other,Physician,8
Other,Other,8
Case Manager,Case Manager,8
Case Manager,Other,8
Therapist,Therapist,8
Other,Social Worker,8
Physician,Therapist,7
Advanced Practice Nurse,Other,7
Registered Nurse,Anesthesia,7
Anesthesia,Other,7
Advanced Practice Nurse,Case Manager,7
Advanced Practice Nurse,Other,7
Physician Assistant,Pharmacy,7
Physician Assistant,Physician Assistant,7
Therapist,Therapist,7
Therapist,Other,7
Therapist,Tech,7
Anesthesia,Advanced Practice Nurse,7
Case Manager,Other,7
Therapist,Physician Assistant,7
Therapist,Pharmacy,7
Therapist,Therapist,7
Therapist,Other,7
Therapist,Case Manager,7
Other,Other,7
Other,Tech,7
Resident,Physician,7
Patient Care Tech,Physician Assistant,7
Lab,Registered Nurse,7
Physician,Lab,7
Nursing Assistant,Therapist,7
Nursing Assistant,Therapist,7
Other,Case Manager,7
Physician,Pharmacy,7
Physician,Resident,7
Physician,Case Manager,7
Physician,Physician,7
Physician Assistant,Other,7
Other,Anesthesia,7
Other,Therapist,7
Other,Nursing Assistant,7
Tech,Other,7
Pharmacy,Therapist,7
Therapist,Registered Nurse,7
Therapist,Other,7
Tech,Pharmacy,7
Tech,Social Worker,7
Physician Assistant,Therapist,7
Physician Assistant,Other,7
Registered Nurse,Case Manager,7
Therapist,Other,7
Other,Other,7
Other,Other,7
Therapist,Lab,7
Therapist,Other,7
Other,Other,7
Other,Other,7
Physician,Physician,7
Other,Physician Assistant,7
Advanced Practice Nurse,Other,6
Advanced Practice Nurse,Other,6
Physician Assistant,Other,6
Physician Assistant,Social Worker,6
Therapist,Nursing Assistant,6
Therapist,Case Manager,6
Therapist,Therapist,6
Advanced Practice Nurse,Other,6
Therapist,Other,6
Therapist,Pharmacy,6
Therapist,Therapist,6
Case Manager,Physician,6
Case Manager,Case Manager,6
Therapist,Case Manager,6
Therapist,Physician,6
Therapist,Other,6
Pharmacy,Anesthesia,6
Physician,Pharmacy,6
Physician,Therapist,6
Therapist,Other,6
Physician,Anesthesia,6
Other,Therapist,6
Other,Front Desk,6
Other,Pharmacy,6
Resident,Therapist,6
Patient Care Tech,Physician,6
Patient Care Tech,Tech,6
Lab,Social Worker,6
Physician,Physician,6
Lab,Therapist,6
Lab,Physician Assistant,6
Lab,Lab,6
Lab,Case Manager,6
Front Desk,Physician Assistant,6
Physician,Therapist,6
Physician,Therapist,6
Physician,Therapist,6
Physician,Registered Nurse,6
Physician,Lab,6
Other,Physician Assistant,6
Other,Pharmacy,6
Other,Lab,6
Tech,Resident,6
Tech,Lab,6
Pharmacy,Registered Nurse,6
Therapist,Other,6
Tech,Physician Assistant,6
Tech,Other,6
Tech,Pharmacy,6
Tech,Physician Assistant,6
Other,Tech,6
Nursing Assistant,Therapist,6
Other,Tech,6
Other,Therapist,6
Other,Registered Nurse,6
Physician Assistant,Physician,6
Physician Assistant,Other,6
Physician Assistant,Therapist,6
Lab,Registered Nurse,6
Other,Resident,6
Therapist,Therapist,6
Other,Nursing Assistant,6
Therapist,Other,6
Therapist,Nursing Assistant,6
Therapist,Other,6
Therapist,Therapist,6
Therapist,Nursing Assistant,6
Case Manager,Case Manager,6
Pharmacy,Physician,6
Physician Assistant,Physician Assistant,6
Physician Assistant,Lab,6
Therapist,Pharmacy,6
Therapist,Other,6
Other,Anesthesia,6
Other,Therapist,6
Physician,Other,6
Other,Other,6
Therapist,Therapist,6
Therapist,Therapist,6
Other,Physician,6
Physician,Physician,5
Anesthesia,Tech,5
Anesthesia,Other,5
Anesthesia,Therapist,5
Advanced Practice Nurse,Lab,5
Advanced Practice Nurse,Therapist,5
Advanced Practice Nurse,Physician,5
Therapist,Other,5
Therapist,Other,5
Anesthesia,Registered Nurse,5
Therapist,Tech,5
Therapist,Pharmacy,5
Therapist,Nursing Assistant,5
Therapist,Other,5
Physician,Physician,5
Pharmacy,Physician,5
Pharmacy,Other,5
Physician,Pharmacy,5
Registered Nurse,Lab,5
Registered Nurse,Physician,5
Physician,Patient Care Tech,5
Physician,Lab,5
Other,Therapist,5
Social Worker,Other,5
Patient Care Tech,Other,5
Patient Care Tech,Tech,5
Lab,Physician,5
Lab,Pharmacy,5
Physician,Anesthesia,5
Physician,Therapist,5
Lab,Physician,5
Nursing Assistant,Anesthesia,5
Nursing Assistant,Other,5
Nursing Assistant,Pharmacy,5
Nursing Assistant,Case Manager,5
Physician,Case Manager,5
Physician Assistant,Tech,5
Lab,Resident,5
Other,Therapist,5
Other,Other,5
Tech,Therapist,5
Tech,Other,5
Lab,Physician,5
Tech,Advanced Practice Nurse,5
Tech,Physician,5
Tech,Advanced Practice Nurse,5
Tech,Front Desk,5
Tech,Patient Care Tech,5
Tech,Nursing Assistant,5
Other,Advanced Practice Nurse,5
Other,Physician Assistant,5
Other,Other,5
Nursing Assistant,Other,5
Other,Advanced Practice Nurse,5
Other,Other,5
Other,Other,5
Nursing Assistant,Other,5
Nursing Assistant,Therapist,5
Other,Other,5
Physician Assistant,Resident,5
Physician Assistant,Tech,5
Lab,Physician,5
Therapist,Case Manager,5
Therapist,Therapist,5
Therapist,Advanced Practice Nurse,5
Physician Assistant,Physician,5
Other,Pharmacy,5
Therapist,Registered Nurse,5
Therapist,Therapist,5
Pharmacy,Therapist,5
Therapist,Patient Care Tech,5
Pharmacy,Other,5
Other,Other,5
Therapist,Nursing Assistant,5
Other,Therapist,5
Therapist,Therapist,5
Other,Physician,5
Other,Other,5
Physician,Other,4
Anesthesia,Therapist,4
Anesthesia,Other,4
Anesthesia,Other,4
Anesthesia,Other,4
Therapist,Pharmacy,4
Therapist,Other,4
Advanced Practice Nurse,Therapist,4
Therapist,Other,4
Case Manager,Therapist,4
Case Manager,Physician,4
Case Manager,Tech,4
Case Manager,Lab,4
Therapist,Physician,4
Therapist,Tech,4
Physician,Resident,4
Physician,Physician Assistant,4
Pharmacy,Therapist,4
Pharmacy,Therapist,4
Pharmacy,Physician,4
Pharmacy,Therapist,4
Other,Other,4
Physician,Physician,4
Physician,Other,4
Physician,Other,4
Therapist,Physician,4
Therapist,Tech,4
Registered Nurse,Advanced Practice Nurse,4
Registered Nurse,Pharmacy,4
Physician,Physician Assistant,4
Other,Other,4
Social Worker,Other,4
Resident,Therapist,4
Lab,Other,4
Lab,Anesthesia,4
Lab,Other,4
Lab,Lab,4
Physician,Physician,4
Lab,Tech,4
Nursing Assistant,Tech,4
Other,Physician Assistant,4
Other,Tech,4
Physician,Other,4
Physician,Tech,4
Physician Assistant,Lab,4
Other,Lab,4
Other,Other,4
Tech,Therapist,4
Tech,Front Desk,4
Tech,Other,4
Tech,Registered Nurse,4
Lab,Other,4
Tech,Pharmacy,4
Tech,Social Worker,4
Pharmacy,Physician,4
Tech,Registered Nurse,4
Tech,Therapist,4
Other,Other,4
Nursing Assistant,Therapist,4
Other,Other,4
Nursing Assistant,Physician,4
Nursing Assistant,Other,4
Other,Therapist,4
Other,Physician,4
Other,Other,4
Other,Physician,4
Other,Nursing Assistant,4
Registered Nurse,Tech,4
Registered Nurse,Tech,4
Registered Nurse,Other,4
Registered Nurse,Tech,4
Therapist,Physician Assistant,4
Therapist,Registered Nurse,4
Other,Physician,4
Therapist,Therapist,4
Pharmacy,Therapist,4
Case Manager,Therapist,4
Therapist,Other,4
Other,Nursing Assistant,4
Other,Therapist,4
Other,Therapist,4
Other,Therapist,4
Case Manager,Other,4
Case Manager,Registered Nurse,4
Other,Therapist,4
Other,Therapist,4
Physician,Other,3
Advanced Practice Nurse,Other,3
Advanced Practice Nurse,Pharmacy,3
Registered Nurse,Other,3
Anesthesia,Physician Assistant,3
Anesthesia,Other,3
Anesthesia,Registered Nurse,3
Anesthesia,Case Manager,3
Physician Assistant,Therapist,3
Therapist,Therapist,3
Therapist,Pharmacy,3
Therapist,Physician Assistant,3
Therapist,Registered Nurse,3
Therapist,Other,3
Advanced Practice Nurse,Pharmacy,3
Therapist,Therapist,3
Therapist,Therapist,3
Therapist,Therapist,3
Therapist,Pharmacy,3
Therapist,Registered Nurse,3
Therapist,Physician,3
Therapist,Physician,3
Therapist,Advanced Practice Nurse,3
Case Manager,Physician,3
Therapist,Physician,3
Therapist,Registered Nurse,3
Pharmacy,Tech,3
Other,Advanced Practice Nurse,3
Other,Registered Nurse,3
Physician,Case Manager,3
Physician,Therapist,3
Physician,Therapist,3
Therapist,Tech,3
Registered Nurse,Tech,3
Physician,Registered Nurse,3
Other,Therapist,3
Social Worker,Tech,3
Social Worker,Physician Assistant,3
Resident,Anesthesia,3
Resident,Other,3
Lab,Physician,3
Physician,Tech,3
Lab,Tech,3
Lab,Therapist,3
Front Desk,Anesthesia,3
Nursing Assistant,Anesthesia,3
Other,Other,3
Other,Physician,3
Physician,Other,3
Physician Assistant,Tech,3
Lab,Registered Nurse,3
Physician,Physician,3
Other,Physician,3
Other,Therapist,3
Anesthesia,Resident,3
Tech,Social Worker,3
Lab,Physician Assistant,3
Tech,Lab,3
Tech,Physician Assistant,3
Tech,Case Manager,3
Tech,Therapist,3
Pharmacy,Therapist,3
Tech,Physician,3
Tech,Other,3
Other,Therapist,3
Other,Other,3
Other,Other,3
Other,Other,3
Nursing Assistant,Other,3
Other,Social Worker,3
Anesthesia,Pharmacy,3
Other,Advanced Practice Nurse,3
Other,Tech,3
Other,Tech,3
Other,Other,3
Other,Pharmacy,3
Other,Physician,3
Tech,Resident,3
Tech,Patient Care Tech,3
Registered Nurse,Lab,3
Therapist,Therapist,3
Therapist,Therapist,3
Therapist,Therapist,3
Therapist,Therapist,3
Therapist,Pharmacy,3
Other,Other,3
Other,Other,3
Pharmacy,Front Desk,3
Case Manager,Anesthesia,3
Pharmacy,Advanced Practice Nurse,3
Other,Therapist,3
Other,Case Manager,3
Other,Physician Assistant,3
Other,Therapist,3
Other,Physician,3
Other,Other,3
Physician,Other,3
Other,Anesthesia,3
Case Manager,Therapist,3
Therapist,Other,3
Other,Therapist,3
Physician,Other,2
Advanced Practice Nurse,Other,2
Advanced Practice Nurse,Nursing Assistant,2
Advanced Practice Nurse,Other,2
Registered Nurse,Anesthesia,2
Registered Nurse,Therapist,2
Registered Nurse,Therapist,2
Anesthesia,Anesthesia,2
Anesthesia,Lab,2
Anesthesia,Therapist,2
Advanced Practice Nurse,Registered Nurse,2
Physician Assistant,Physician,2
Physician Assistant,Other,2
Therapist,Therapist,2
Therapist,Physician Assistant,2
Therapist,Therapist,2
Therapist,Other,2
Therapist,Therapist,2
Therapist,Therapist,2
Therapist,Pharmacy,2
Therapist,Therapist,2
Therapist,Anesthesia,2
Therapist,Tech,2
Therapist,Therapist,2
Case Manager,Tech,2
Case Manager,Other,2
Case Manager,Social Worker,2
Therapist,Physician,2
Therapist,Other,2
Therapist,Other,2
Therapist,Other,2
Therapist,Other,2
Therapist,Pharmacy,2
Physician,Physician Assistant,2
Physician,Tech,2
Physician,Other,2
Pharmacy,Therapist,2
Pharmacy,Anesthesia,2
Pharmacy,Other,2
Physician,Social Worker,2
Physician,Lab,2
Physician,Other,2
Therapist,Therapist,2
Registered Nurse,Therapist,2
Registered Nurse,Therapist,2
Registered Nurse,Other,2
Registered Nurse,Physician,2
Registered Nurse,Tech,2
Registered Nurse,Case Manager,2
Other,Physician,2
Other,Therapist,2
Other,Other,2
Other,Therapist,2
Social Worker,Other,2
Social Worker,Therapist,2
Social Worker,Therapist,2
Resident,Therapist,2
Patient Care Tech,Physician Assistant,2
Lab,Other,2
Physician,Therapist,2
Physician,Physician,2
Physician,Lab,2
Physician,Other,2
Physician,Physician,2
Lab,Lab,2
Lab,Therapist,2
Front Desk,Other,2
Nursing Assistant,Therapist,2
Nursing Assistant,Front Desk,2
Nursing Assistant,Therapist,2
Other,Patient Care Tech,2
Physician,Therapist,2
Physician,Case Manager,2
Physician,Tech,2
Physician,Therapist,2
Physician Assistant,Anesthesia,2
Lab,Lab,2
Lab,Resident,2
Other,Case Manager,2
Other,Tech,2
Other,Lab,2
Other,Other,2
Anesthesia,Physician,2
Anesthesia,Physician,2
Anesthesia,Nursing Assistant,2
Anesthesia,Physician Assistant,2
Anesthesia,Tech,2
Tech,Anesthesia,2
Lab,Anesthesia,2
Lab,Tech,2
Tech,Other,2
Tech,Physician,2
Tech,Therapist,2
Pharmacy,Physician,2
Pharmacy,Tech,2
Pharmacy,Other,2
Pharmacy,Other,2
Pharmacy,Registered Nurse,2
Pharmacy,Other,2
Pharmacy,Case Manager,2
Therapist,Nursing Assistant,2
Tech,Physician Assistant,2
Tech,Registered Nurse,2
Tech,Anesthesia,2
Tech,Case Manager,2
Other,Therapist,2
Other,Physician,2
Other,Tech,2
Other,Anesthesia,2
Other,Other,2
Other,Pharmacy,2
Other,Physician Assistant,2
Other,Registered Nurse,2
Other,Tech,2
Anesthesia,Other,2
Other,Physician,2
Other,Other,2
Nursing Assistant,Other,2
Other,Pharmacy,2
Other,Advanced Practice Nurse,2
Other,Other,2
Physician Assistant,Case Manager,2
Physician Assistant,Other,2
Physician Assistant,Social Worker,2
Physician Assistant,Lab,2
Lab,Advanced Practice Nurse,2
Other,Physician Assistant,2
Other,Resident,2
Other,Lab,2
Other,Case Manager,2
Registered Nurse,Therapist,2
Tech,Lab,2
Physician Assistant,Physician,2
Physician Assistant,Patient Care Tech,2
Other,Physician,2
Other,Physician,2
Other,Social Worker,2
Other,Lab,2
Other,Lab,2
Other,Front Desk,2
Other,Other,2
Other,Anesthesia,2
Therapist,Advanced Practice Nurse,2
Pharmacy,Advanced Practice Nurse,2
Pharmacy,Therapist,2
Therapist,Case Manager,2
Therapist,Tech,2
Therapist,Other,2
Therapist,Physician,2
Other,Tech,2
Other,Nursing Assistant,2
Therapist,Physician,2
Other,Other,2
Other,Other,2
Physician,Nursing Assistant,2
Other,Therapist,2
Other,Physician,2
Other,Lab,2
Other,Lab,2
Other,Other,2
Other,Physician Assistant,2
Other,Therapist,2
Other,Other,2
Case Manager,Other,2
Case Manager,Registered Nurse,2
Case Manager,Advanced Practice Nurse,2
Case Manager,Other,2
Other,Physician,2
Other,Other,2
Other,Case Manager,2
Therapist,Pharmacy,2
Therapist,Therapist,2
Therapist,Other,2
Other,Therapist,2
Other,Lab,2
Other,Other,2
Other,Therapist,2
Physician,Anesthesia,1
Physician,Other,1
Advanced Practice Nurse,Physician Assistant,1
Advanced Practice Nurse,Tech,1
Advanced Practice Nurse,Other,1
Advanced Practice Nurse,Case Manager,1
Registered Nurse,Other,1
Registered Nurse,Tech,1
Registered Nurse,Physician,1
Anesthesia,Other,1
Anesthesia,Case Manager,1
Advanced Practice Nurse,Other,1
Advanced Practice Nurse,Other,1
Physician Assistant,Other,1
Physician Assistant,Tech,1
Physician Assistant,Physician,1
Therapist,Other,1
Therapist,Other,1
Therapist,Therapist,1
Therapist,Physician,1
Therapist,Lab,1
Advanced Practice Nurse,Other,1
Therapist,Therapist,1
Therapist,Other,1
Therapist,Pharmacy,1
Therapist,Other,1
Anesthesia,Anesthesia,1
Anesthesia,Pharmacy,1
Anesthesia,Lab,1
Therapist,Therapist,1
Therapist,Other,1
Therapist,Physician,1
Case Manager,Physician,1
Case Manager,Tech,1
Case Manager,Physician Assistant,1
Therapist,Other,1
Therapist,Therapist,1
Physician,Therapist,1
Physician,Therapist,1
Physician,Case Manager,1
Pharmacy,Therapist,1
Pharmacy,Front Desk,1
Pharmacy,Anesthesia,1
Other,Lab,1
Other,Front Desk,1
Other,Physician,1
Other,Other,1
Other,Physician Assistant,1
Other,Other,1
Physician,Physician Assistant,1
Physician,Other,1
Physician,Other,1
Therapist,Physician,1
Registered Nurse,Nursing Assistant,1
Registered Nurse,Other,1
Registered Nurse,Tech,1
Physician,Other,1
Physician,Physician,1
Other,Physician,1
Other,Other,1
Other,Nursing Assistant,1
Other,Other,1
Other,Tech,1
Other,Physician Assistant,1
Social Worker,Lab,1
Social Worker,Tech,1
Resident,Other,1
Patient Care Tech,Front Desk,1
Patient Care Tech,Lab,1
Patient Care Tech,Therapist,1
Patient Care Tech,Therapist,1
Lab,Other,1
Lab,Other,1
Lab,Case Manager,1
Physician,Other,1
Physician,Other,1
Physician,Lab,1
Lab,Physician Assistant,1
Lab,Other,1
Front Desk,Physician,1
Front Desk,Anesthesia,1
Other,Other,1
Nursing Assistant,Physician,1
Nursing Assistant,Other,1
Other,Advanced Practice Nurse,1
Other,Front Desk,1
Physician,Other,1
Physician,Other,1
Physician,Pharmacy,1
Physician,Other,1
Physician,Pharmacy,1
Physician,Other,1
Physician Assistant,Advanced Practice Nurse,1
Physician Assistant,Therapist,1
Physician Assistant,Tech,1
Lab,Lab,1
Physician,Other,1
Other,Other,1
Other,Pharmacy,1
Other,Other,1
Other,Therapist,1
Other,Therapist,1
Other,Therapist,1
Other,Other,1
Other,Pharmacy,1
Tech,Registered Nurse,1
Tech,Other,1
Tech,Other,1
Tech,Pharmacy,1
Tech,Tech,1
Tech,Other,1
Pharmacy,Therapist,1
Pharmacy,Therapist,1
Pharmacy,Other,1
Therapist,Advanced Practice Nurse,1
Therapist,Therapist,1
Therapist,Social Worker,1
Tech,Lab,1
Tech,Other,1
Tech,Therapist,1
Tech,Pharmacy,1
Tech,Physician,1
Tech,Physician Assistant,1
Tech,Resident,1
Tech,Other,1
Other,Tech,1
Other,Other,1
Other,Therapist,1
Other,Other,1
Nursing Assistant,Therapist,1
Other,Case Manager,1
Other,Pharmacy,1
Anesthesia,Registered Nurse,1
Anesthesia,Lab,1
Nursing Assistant,Pharmacy,1
Other,Physician Assistant,1
Other,Other,1
Physician Assistant,Other,1
Other,Registered Nurse,1
Other,Pharmacy,1
Other,Physician,1
Registered Nurse,Anesthesia,1
Registered Nurse,Therapist,1
Registered Nurse,Pharmacy,1
Registered Nurse,Therapist,1
Registered Nurse,Case Manager,1
Therapist,Physician,1
Therapist,Physician,1
Therapist,Physician Assistant,1
Other,Tech,1
Other,Other,1
Social Worker,Resident,1
Other,Advanced Practice Nurse,1
Other,Therapist,1
Other,Physician,1
Other,Pharmacy,1
Other,Anesthesia,1
Other,Tech,1
Pharmacy,Therapist,1
Pharmacy,Other,1
Pharmacy,Tech,1
Pharmacy,Other,1
Therapist,Therapist,1
Therapist,Therapist,1
Therapist,Social Worker,1
Therapist,Other,1
Case Manager,Tech,1
Case Manager,Other,1
Pharmacy,Other,1
Other,Anesthesia,1
Physician Assistant,Other,1
Physician,Registered Nurse,1
Therapist,Therapist,1
Other,Physician,1
Other,Other,1
Therapist,Other,1
Physician,Physician Assistant,1
Physician,Therapist,1
Physician,Social Worker,1
Physician,Other,1
Other,Lab,1
Other,Other,1
Other,Other,1
Other,Therapist,1
Case Manager,Anesthesia,1
Case Manager,Lab,1
Case Manager,Physician,1
Case Manager,Case Manager,1
Case Manager,Other,1
Case Manager,Other,1
Therapist,Therapist,1
Therapist,Other,1
Therapist,Other,1
Other,Therapist,1
Other,Physician,1
Other,Physician Assistant,1
